{"cameraMode":{"drawMode":0,"name":"Shaded","section":"Shading Mode"},"sceneLighting":false,"audioPlay":false,"sceneViewState":{"m_AlwaysRefresh":false,"showFog":false,"showSkybox":false,"showFlares":false,"showImageEffects":false,"showParticleSystems":false,"showVisualEffectGraphs":true,"m_FxEnabled":true},"in2DMode":false,"pivot":{"x":-0.00013703107833862305,"y":0.8166151642799377,"z":0.028318196535110475},"rotation":{"x":-0.05574746057391167,"y":-0.9438530206680298,"z":0.21542540192604066,"w":-0.2442275434732437},"size":1.3455657958984376,"orthographic":false}